[
  {
    "constructorYn": true,
    "title": "RedAtlasTextureManager",
    "description": "\n    <h2>주석 작성해야함</h2>\n",
    "params": {
      "redGL": [
        {
          "type": "RedGL"
        },
        "- redGL Instance"
      ],
      "srcList": [
        {
          "type": "String or Array"
        },
        "단일 문자열로 들어오면 알아서 배열로 바꿈"
      ],
      "callback": [
        {
          "type": "Function"
        },
        "아틀라스 완성후 실행할 콜백"
      ]
    },
    "example": "\n    //TODO\n",
    "return": "RedAtlasTextureManager OBJECT"
  },
  {
    "constructorYn": true,
    "title": "RedAtlasTextureManager",
    "description": "\n- Atlas 텍스쳐 매니저\n",
    "params": {
      "redGL": [
        {
          "type": "RedGL Instance"
        }
      ]
    },
    "example": "\nTODO:\n",
    "return": "RedAtlasTextureManager Instance"
  }
]