[
  {
    "title": "atlasUVInfo",
    "code": "PROPERTY",
    "description": "\n    - atlasUVInfo 반환\n",
    "example": "\n    인스턴스.atlasUVInfo\n",
    "return": "RedAtlasUVInfo Instance"
  },
  {
    "title": "parentAtlasInfo",
    "code": "PROPERTY",
    "description": "\n    - parentAtlasInfo 반환\n",
    "example": "\n    인스턴스.parentAtlasInfo\n",
    "return": "RedAtlasInfo Instance"
  },
  {
    "constructorYn": true,
    "title": "RedAtlasTextureInfo",
    "description": "\n    - <b>RedAtlasTextureManager</b>에 의해 자동 생성된 <b>RedAtlasTextureInfo</b>.\n    - 고유값으로 캐싱되며, 사용자 생성은 금지한다.\n    - Object.freeze 상태로 반환.\n",
    "params": {
      "atlasUVInfo": [
        {
          "type": "Array"
        },
        "\n            - 아틀라스상의 Rect정보.\n        "
      ],
      "parentAtlasInfo": [
        {
          "type": "Atlas instance"
        },
        "\n            - Atlas 인스턴스 객체.\n        "
      ]
    },
    "return": "RedAtlasTextureInfo Instance"
  }
]