[
  {
    "title": "calcNormal",
    "code": "FUNCTION",
    "description": "\n- 버텍스 정보와 인덱스정보를 토대로 노말데이터(Float32Array생성.\n- <span style=\"color:red\">이놈음 다른곳으로 옮겨야할듯</span>\n",
    "params": {
      "pos": [
        {
          "type": "Float32Array"
        },
        "버덱스 데이터 정보"
      ],
      "idx": [
        {
          "type": "Uint16Array"
        },
        "인덱스 데이터 정보"
      ]
    },
    "example": "\nvar vs = new Float32Array(10)\nvar is = new Uint16Array(10)\nRedGL인스턴스.calcNormal(vs,is)\n",
    "return": "Float32Array Instance"
  },
  {
    "title": "createArrayBufferInfo",
    "code": "FUNCTION",
    "description": "Array버퍼 생성 단축 매서드"
  },
  {
    "title": "createGeometryInfo",
    "code": "FUNCTION",
    "description": "지오메트리정보 생성 단축 매서드"
  },
  {
    "title": "createIndexBufferInfo",
    "code": "FUNCTION",
    "description": "ElementArray버퍼 생성 단축 매서드"
  },
  {
    "title": "createMaterialDefine",
    "code": "FUNCTION",
    "description": "재질정의정보 생성 단축 매서드"
  },
  {
    "title": "createMaterialInfo",
    "code": "FUNCTION",
    "description": "재질정보 생성 단축 매서드"
  },
  {
    "title": "createMeshInfo",
    "code": "FUNCTION",
    "description": "매시정보 단축 생성 매서드"
  },
  {
    "title": "createProgram",
    "code": "FUNCTION",
    "description": "프로그램 생성 단축 매서드"
  },
  {
    "title": "createSceneInfo",
    "code": "FUNCTION",
    "description": "씬정보 단축 생성 매서드"
  },
  {
    "title": "createShaderInfo",
    "code": "FUNCTION",
    "description": "\n- RedGL 쉐이더 생성기.\n- 유일키만 지원하며 키 중복일경우 기존 캐싱된 쉐이더정보를 반환함.\n- 단 프레그먼트/버텍스의 키는 따로 관리함.\n",
    "params": {
      "key": [
        {
          "type": "String"
        },
        "- 등록될 키명"
      ],
      "type": [
        {
          "type": "String"
        },
        "- 버텍스 쉐이더(RedShaderInfo.VERTEX_SHADER)",
        "- 프레그먼트 쉐이더(RedShaderInfo.FRAGMENT_SHADER)"
      ],
      "source": [
        {
          "type": "String"
        },
        "- 생성할 쉐이더 소스문자열"
      ]
    },
    "example": "\nvar test;\ntest = RedGL(Canvas Element)\n// basic이라는 이름으로 버텍스 쉐이더를 만든다. \ntest.createShaderInfo('basic', RedShaderInfo.VERTEX_SHADER, 쉐이더소스)\n",
    "return": "RedShaderInfo Instance"
  },
  {
    "title": "createTextureInfo",
    "code": "FUNCTION",
    "description": "텍스쳐정보 생성 단축 매서드"
  },
  {
    "title": "getArrayBufferInfo",
    "code": "FUNCTION",
    "description": "Array버퍼 조회 매서드",
    "parmas": {
      "key": [
        {
          "type": "String"
        },
        "키로 등록된 Array버퍼를 조회함"
      ]
    }
  },
  {
    "title": "getGeometryInfo",
    "code": "FUNCTION",
    "description": "지오메트리정보 조회 매서드.",
    "parmas": {
      "key": [
        {
          "type": "String"
        },
        "키로 등록된 지오메트리정보를 조회함"
      ]
    }
  },
  {
    "title": "getIndexBufferInfo",
    "code": "FUNCTION",
    "description": "ElementArray버퍼 조회 매서드",
    "parmas": {
      "key": [
        {
          "type": "String"
        },
        "키로 등록된 ElementArray버퍼를 조회함"
      ]
    }
  },
  {
    "title": "getMeshInfo",
    "code": "FUNCTION",
    "description": "매시정보 조회 단축 매서드",
    "parmas": {
      "key": [
        {
          "type": "String"
        },
        "키로 등록된 매쉬를 조회함"
      ]
    }
  },
  {
    "title": "getProgramInfo",
    "code": "FUNCTION",
    "description": "프로그램 조회",
    "parmas": {
      "key": [
        {
          "type": "String"
        },
        "키로 등록된 프로그램을 조회함"
      ]
    }
  },
  {
    "title": "getShaderInfo",
    "code": "FUNCTION",
    "description": "\n- 정의된 쉐이더를 조회\n"
  },
  {
    "title": "getSourceFromScript",
    "code": "FUNCTION",
    "description": "\nscript 소스를 가져옴\n",
    "params": {
      "id": [
        {
          "type": "String"
        },
        "아이디"
      ]
    },
    "example": "\nRedShaderInfo.getSourceFromScript(id)\n",
    "return": "String"
  },
  {
    "constructorYn": true,
    "title": "RedGL",
    "description": "\n- RedGL 인스턴스 생성자\n",
    "params": {
      "canvas": [
        {
          "type": "Canvas Element"
        }
      ],
      "fullMode": [
        {
          "type": "Boolean"
        },
        "- 기본값 false",
        "- true일경우 윈도우사이즈가 변할때마다 추적함"
      ]
    },
    "example": "\nRedGL(document.getElementById('test'))\n",
    "return": "RedGL Instance"
  },
  {
    "title": "setSize",
    "code": "FUNCTION",
    "description": "\nwengl 캔버스의 크기를 지정함.\n인자를 입력하지 않으면 화면상의 풀사이즈로 적용됨\n",
    "params": {
      "width": [
        {
          "type": "Number"
        },
        "가로값"
      ],
      "height": [
        {
          "type": "Number"
        },
        "세로값"
      ]
    },
    "example": "\n인스턴스.setSize(600,600)\n"
  }
]