[
  {
    "title": "children",
    "description": "\n    - 자식노드리스트\n",
    "example": "인스턴스.children",
    "return": "Array"
  },
  {
    "title": "drawMode",
    "description": "\n    - 실제 메쉬를 그릴때 어떠한 방식으로 그릴지 결정\n    - ex) gl.TRIANGLES\n",
    "example": "인스턴스.drawMode",
    "return": "glConst"
  },
  {
    "title": "geometryInfo",
    "description": "\n    - 메쉬가 소유하고있는 geometryInfo\n",
    "example": "인스턴스.geometryInfo",
    "return": "RedGeometryInfo"
  },
  {
    "title": "materialInfo",
    "description": "\n    - 메쉬가 소유하고있는 materialInfo\n",
    "example": "인스턴스.materialInfo",
    "return": "RedMaterialInfo"
  },
  {
    "title": "position",
    "description": "\n    - positionXYZ를 Float32Array로 가진다.\n    - <span style=\"color:red\"><b>강제로 일반 Array로 치환하지않도록 주의해야한다.</b></span>\n",
    "example": "인스턴스.position",
    "return": "Float32Array(3)"
  },
  {
    "constructorYn": true,
    "title": "RedMeshInfo",
    "description": "\n    - RedGL에서 사용할 재질정보를 정의\n    - 타입키에 해당하는 정의가 존재하지않을경우 에러\n",
    "params": {
      "redGL": [
        {
          "type": "RedGL Instance"
        },
        "- redGL 인스턴스"
      ],
      "key": [
        {
          "type": "String"
        },
        "- 고유키",
        "- <span style=\"color:red\"><b>입력하지않으면 그냥 UUID를 생성해버릴까..</b></span>"
      ],
      "geometryInfo": [
        {
          "type": "RedGeometryInfo"
        },
        "- 지오메트리정보"
      ],
      "materialInfo": [
        {
          "type": "RedMaterialInfo"
        },
        "- 재질정보"
      ]
    },
    "example": "\n    var test;\n    test = RedGL(Canvas Element)\n    RedMeshInfo(test, 'firstMesh',geometryInfo, materialInfo)\n",
    "return": "RedMeshInfo Instance"
  },
  {
    "title": "rotation",
    "description": "\n    - rotationXYZ를 Float32Array로 가진다.\n    - <span style=\"color:red\"><b>강제로 일반 Array로 치환하지않도록 주의해야한다.</b></span>\n",
    "example": "인스턴스.rotation",
    "return": "Float32Array(3)"
  },
  {
    "title": "scale",
    "description": "\n    - scaleXYZ를 Float32Array로 가진다.\n    - <span style=\"color:red\"><b>강제로 일반 Array로 치환하지않도록 주의해야한다.</b></span>\n",
    "example": "인스턴스.rotation",
    "return": "Float32Array(3)"
  },
  {
    "title": "uMVMatrix",
    "description": "\n    - modelView Matrix를 반환\n    - <span style=\"color:red\"><b>uMVMatrix라는 키값은 쉐이더에서 사용되는 고정값이다.</b></span>\n",
    "example": "인스턴스.uMVMatrix",
    "return": "mat4(Float32Array)"
  }
]